Região,Internações,AIH_aprovadas,Valor_total,Valor_serviços_hospitalares,Valor_serviços_profissionais,Valor_médio_AIH,Valor_médio_intern,Dias_permanência,Média_permanência,Óbitos,Taxa_mortalidade,mes,ano,data
RO,9603.0,9603.0,9404751.41,7666945.9,1737805.51,979.36,979.36,53043.0,5.5,315.0,3.28,7,2019,2019-7
AM,16248.0,16248.0,15624312.73,12166634.07,3455637.92,961.61,961.61,85512.0,5.3,536.0,3.3,7,2019,2019-7
RR,4324.0,4324.0,3137537.4,2356231.68,781305.72,725.61,725.61,25560.0,5.9,171.0,3.95,7,2019,2019-7
PA,34774.0,34774.0,28178633.44,21241354.07,6581738.7,810.34,810.34,138135.0,4.0,832.0,2.39,7,2019,2019-7
AP,3407.0,3407.0,2380727.69,1776869.35,603858.34,698.78,698.78,18703.0,5.5,85.0,2.49,7,2019,2019-7
TO,7007.0,7007.0,7095858.92,5384238.03,1659776.34,1012.68,1012.68,37249.0,5.3,210.0,3.0,7,2019,2019-7
MA,33351.0,33766.0,28658094.55,22448136.82,6134105.82,848.73,859.29,166594.0,5.0,879.0,2.64,7,2019,2019-7
PI,16590.0,16727.0,16275611.73,12938857.11,3217744.0,973.01,981.05,81932.0,4.9,480.0,2.89,7,2019,2019-7
CE,41228.0,41677.0,51363405.46,40556438.79,10749572.15,1232.42,1245.84,238580.0,5.8,1662.0,4.03,7,2019,2019-7
RN,15435.0,15627.0,22058672.47,17180673.92,4770026.14,1411.57,1429.13,92162.0,6.0,687.0,4.45,7,2019,2019-7
PB,16022.0,16305.0,19465425.91,15315351.07,4150074.84,1193.83,1214.92,88357.0,5.5,799.0,4.99,7,2019,2019-7
PE,49437.0,49882.0,70367988.2,55584249.6,14344768.59,1410.69,1423.39,262688.0,5.3,2191.0,4.43,7,2019,2019-7
AL,15459.0,15956.0,18397244.99,14307811.6,3951723.45,1153.0,1190.07,79992.0,5.2,576.0,3.73,7,2019,2019-7
SE,8032.0,8077.0,9931458.04,7709589.1,2221868.94,1229.6,1236.49,45789.0,5.7,429.0,5.34,7,2019,2019-7
BA,72390.0,73026.0,76556217.42,59397779.74,15705626.64,1048.34,1057.55,339012.0,4.7,2872.0,3.97,7,2019,2019-7
MG,110732.0,111474.0,165440488.79,132996431.21,30707830.94,1484.12,1494.06,564069.0,5.1,5442.0,4.91,7,2019,2019-7
ES,21645.0,21719.0,29106951.75,23027596.99,5788359.26,1340.16,1344.74,106978.0,4.9,841.0,3.89,7,2019,2019-7
RJ,61719.0,63017.0,85279353.61,67173708.63,16220888.31,1353.28,1381.74,436572.0,7.1,4381.0,7.1,7,2019,2019-7
SP,214299.0,220089.0,304314139.97,243788851.05,57735646.86,1382.69,1420.04,1192857.0,5.6,11988.0,5.59,7,2019,2019-7
PR,74845.0,76230.0,125864428.7,100232161.86,24822897.07,1651.11,1681.67,320599.0,4.3,2950.0,3.94,7,2019,2019-7
SC,44943.0,45159.0,66458051.39,52842609.77,12956053.43,1471.65,1478.72,205917.0,4.6,1887.0,4.2,7,2019,2019-7
RS,67850.0,68257.0,102092806.23,83177538.69,17939417.6,1495.71,1504.68,414630.0,6.1,3746.0,5.52,7,2019,2019-7
MS,15150.0,15247.0,19523630.41,15296130.75,4014367.39,1280.49,1288.69,70907.0,4.7,613.0,4.05,7,2019,2019-7
MT,15824.0,15964.0,16082089.64,12889667.31,3192422.33,1007.4,1016.31,74218.0,4.7,683.0,4.32,7,2019,2019-7
GO,27835.0,28465.0,37053419.1,29446326.36,6922390.79,1301.72,1331.18,135793.0,4.9,1077.0,3.87,7,2019,2019-7
DF,19976.0,20111.0,22216154.63,17848632.31,4367522.32,1104.68,1112.14,117029.0,5.9,592.0,2.96,7,2019,2019-7
RO,9380.0,9380.0,7492751.64,5914421.9,1576750.85,798.8,798.8,43589.0,4.6,237.0,2.53,6,2019,2019-6
AC,4213.0,4213.0,3260153.59,2487881.33,772272.26,773.83,773.83,19579.0,4.6,146.0,3.47,6,2019,2019-6
AM,15199.0,15199.0,15184852.47,11814820.85,3369692.6,999.07,999.07,80499.0,5.3,446.0,2.93,6,2019,2019-6
RR,3591.0,3591.0,2851291.67,2127496.86,723794.81,794.01,794.01,20921.0,5.8,124.0,3.45,6,2019,2019-6
PA,40506.0,40506.0,34779252.48,26367709.76,7994236.26,858.62,858.62,169860.0,4.2,1064.0,2.63,6,2019,2019-6
AP,3166.0,3166.0,2109126.09,1545415.15,563710.94,666.18,666.18,16412.0,5.2,90.0,2.84,6,2019,2019-6
TO,6147.0,6147.0,6129092.16,4735000.24,1333034.18,997.09,997.09,34736.0,5.7,211.0,3.43,6,2019,2019-6
MA,35229.0,35604.0,28921156.08,22691348.1,6229807.98,812.3,820.95,168351.0,4.8,979.0,2.78,6,2019,2019-6
PI,17855.0,17995.0,16952413.27,13462194.45,3411298.57,942.06,949.45,87640.0,4.9,563.0,3.15,6,2019,2019-6
CE,41645.0,42091.0,49740018.55,39259418.5,10456302.42,1181.73,1194.38,240774.0,5.8,1692.0,4.06,6,2019,2019-6
RN,15270.0,15455.0,21491971.56,16610034.59,4694887.47,1390.62,1407.46,85595.0,5.6,569.0,3.73,6,2019,2019-6
PB,15888.0,16194.0,19400401.97,15345473.67,4054928.3,1198.0,1221.07,87615.0,5.5,833.0,5.24,6,2019,2019-6
PE,48332.0,48810.0,67943942.12,54110578.16,13634062.33,1392.01,1405.78,262572.0,5.4,2160.0,4.47,6,2019,2019-6
AL,14788.0,15315.0,17800063.1,13857687.78,3842004.6,1162.26,1203.68,77464.0,5.2,606.0,4.1,6,2019,2019-6
SE,7817.0,7863.0,9397452.52,7242711.48,2154741.04,1195.15,1202.18,43020.0,5.5,384.0,4.91,6,2019,2019-6
BA,70074.0,70722.0,72284932.42,56507673.54,14700676.62,1022.1,1031.55,322222.0,4.6,2628.0,3.75,6,2019,2019-6
MG,107102.0,107840.0,154614733.23,124198009.22,28650083.52,1433.74,1443.62,540899.0,5.1,5063.0,4.73,6,2019,2019-6
ES,19856.0,19938.0,26192976.94,20672091.74,5288243.16,1313.72,1319.15,94647.0,4.8,731.0,3.68,6,2019,2019-6
RJ,60909.0,62918.0,80043990.93,63364856.42,15094420.25,1272.2,1314.16,443698.0,7.3,4525.0,7.43,6,2019,2019-6
SP,209812.0,215681.0,293173652.67,234307777.16,55749316.11,1359.29,1397.32,1147210.0,5.5,10968.0,5.23,6,2019,2019-6
PR,73283.0,74624.0,125511169.23,100325257.41,24655666.43,1681.91,1712.69,317321.0,4.3,2732.0,3.73,6,2019,2019-6
SC,42729.0,42958.0,63418030.93,50398735.79,12382569.82,1476.28,1484.19,197042.0,4.6,1748.0,4.09,6,2019,2019-6
RS,65315.0,65692.0,92226050.93,74891079.56,16440244.31,1403.92,1412.02,388769.0,6.0,3213.0,4.92,6,2019,2019-6
MS,14515.0,14617.0,18117780.29,14039524.91,3894663.09,1239.5,1248.21,68286.0,4.7,496.0,3.42,6,2019,2019-6
MT,16007.0,16160.0,16592640.72,13317055.93,3269868.52,1026.77,1036.59,73361.0,4.6,618.0,3.86,6,2019,2019-6
GO,28023.0,28628.0,36892889.05,29630530.66,6701915.24,1288.7,1316.52,134937.0,4.8,1047.0,3.74,6,2019,2019-6
DF,18765.0,18886.0,20187082.38,16156487.44,4030594.94,1068.89,1075.78,109260.0,5.8,604.0,3.22,6,2019,2019-6
RO,9783.0,9783.0,7507845.13,5931386.18,1576458.95,767.44,767.44,42043.0,4.3,235.0,2.4,12,2017,2017-12
AC,3463.0,3487.0,2610454.55,1966308.65,644145.9,748.62,753.81,16660.0,4.8,106.0,3.06,12,2017,2017-12
AM,14337.0,14337.0,13169660.32,10020114.86,3149545.46,918.58,918.58,72629.0,5.1,403.0,2.81,12,2017,2017-12
RR,3513.0,3513.0,2635287.45,1986327.47,648959.98,750.15,750.15,18231.0,5.2,87.0,2.48,12,2017,2017-12
PA,40967.0,40967.0,34426413.15,25709880.7,7940611.55,840.34,840.34,167386.0,4.1,859.0,2.1,12,2017,2017-12
AP,2493.0,2493.0,1716855.56,1220961.05,495894.51,688.67,688.67,12648.0,5.1,71.0,2.85,12,2017,2017-12
TO,5803.0,5803.0,5200789.02,3895438.71,1244761.64,896.22,896.22,28698.0,4.9,168.0,2.9,12,2017,2017-12
MA,38308.0,38779.0,29435501.73,22750968.14,6423423.03,759.06,768.39,173939.0,4.5,773.0,2.02,12,2017,2017-12
PI,17763.0,17890.0,16048864.85,12460695.38,3246692.34,897.09,903.5,83497.0,4.7,431.0,2.43,12,2017,2017-12
CE,37661.0,38125.0,45509439.96,35745652.63,9763787.33,1193.69,1208.4,212341.0,5.6,1488.0,3.95,12,2017,2017-12
RN,12602.0,12820.0,18311840.01,14275181.73,4036658.28,1428.38,1453.09,74577.0,5.9,515.0,4.09,12,2017,2017-12
PB,14998.0,15370.0,17956094.16,14044908.87,3911185.29,1168.26,1197.23,86714.0,5.8,677.0,4.51,12,2017,2017-12
PE,45467.0,45888.0,65819921.92,52188293.75,13561703.42,1434.36,1447.64,251960.0,5.5,1967.0,4.33,12,2017,2017-12
AL,13557.0,14113.0,15903174.01,12340397.55,3406585.28,1126.85,1173.06,73471.0,5.4,520.0,3.84,12,2017,2017-12
SE,6908.0,6971.0,7678925.8,5830956.8,1826528.21,1101.55,1111.6,37040.0,5.4,286.0,4.14,12,2017,2017-12
BA,62557.0,63421.0,64648373.69,48683869.92,13403721.06,1019.35,1033.43,308100.0,4.9,2202.0,3.52,12,2017,2017-12
MG,98755.0,99588.0,142848565.53,114303511.64,26803605.72,1434.4,1446.49,501519.0,5.1,4573.0,4.63,12,2017,2017-12
ES,20115.0,20166.0,25493804.7,20361697.38,5058412.94,1264.2,1267.4,98158.0,4.9,742.0,3.69,12,2017,2017-12
RJ,53294.0,55765.0,71176514.15,56083073.74,13796567.72,1276.37,1335.54,425600.0,8.0,3519.0,6.6,12,2017,2017-12
SP,198083.0,204663.0,280080500.1,223504716.44,53798330.4,1368.5,1413.96,1155837.0,5.8,9893.0,4.99,12,2017,2017-12
PR,70396.0,71898.0,115173908.32,91977745.74,22540682.67,1601.91,1636.09,313874.0,4.5,2692.0,3.82,12,2017,2017-12
SC,38118.0,38364.0,54055792.1,42837702.78,10827029.48,1409.02,1418.12,177792.0,4.7,1463.0,3.84,12,2017,2017-12
RS,60383.0,60720.0,82934746.93,67497943.15,14864222.53,1365.86,1373.48,363698.0,6.0,2857.0,4.73,12,2017,2017-12
MS,13411.0,13518.0,15353997.67,11877147.03,3360387.25,1135.82,1144.88,61001.0,4.5,466.0,3.47,12,2017,2017-12
MT,14931.0,15049.0,14770731.99,11760235.81,3010496.18,981.51,989.27,66488.0,4.5,556.0,3.72,12,2017,2017-12
GO,26601.0,27206.0,34331316.98,27066061.74,6372119.41,1261.9,1290.6,127847.0,4.8,875.0,3.29,12,2017,2017-12
DF,15334.0,15368.0,17028868.46,13492649.25,3536219.21,1108.07,1110.53,97681.0,6.4,457.0,2.98,12,2017,2017-12
RO,10315.0,10315.0,8867793.32,7116826.21,1750967.11,859.7,859.7,48101.0,4.7,289.0,2.8,3,2018,2018-3
AC,3339.0,3341.0,2602434.35,1982799.22,619635.13,778.94,779.41,15649.0,4.7,91.0,2.73,3,2018,2018-3
AM,15120.0,15120.0,14322305.22,11116559.94,3205745.28,947.24,947.24,78395.0,5.2,492.0,3.25,3,2018,2018-3
RR,3567.0,3567.0,2740423.51,2035315.64,705107.87,768.27,768.27,18126.0,5.1,78.0,2.19,3,2018,2018-3
PA,40553.0,40553.0,32909877.51,25233951.28,7585843.62,811.53,811.53,164193.0,4.0,1011.0,2.49,3,2018,2018-3
AP,3018.0,3018.0,1882553.32,1372306.5,510246.82,623.78,623.78,14489.0,4.8,80.0,2.65,3,2018,2018-3
TO,6335.0,6335.0,5913061.01,4565221.25,1278967.65,933.4,933.4,33017.0,5.2,228.0,3.6,3,2018,2018-3
MA,39267.0,39732.0,30050918.58,23287954.82,6450838.88,756.34,765.3,179497.0,4.6,874.0,2.23,3,2018,2018-3
PI,18425.0,18543.0,16408257.61,12885185.53,3393456.14,884.88,890.54,89680.0,4.9,553.0,3.0,3,2018,2018-3
CE,42387.0,42846.0,48132921.0,37812506.1,10307122.45,1123.39,1135.56,240779.0,5.7,1682.0,3.97,3,2018,2018-3
RN,14246.0,14465.0,19842834.93,15481270.69,4361564.24,1371.78,1392.87,80678.0,5.7,527.0,3.7,3,2018,2018-3
PB,15614.0,15991.0,17680495.15,13878286.22,3802208.93,1105.65,1132.35,88168.0,5.6,718.0,4.6,3,2018,2018-3
PE,47835.0,48334.0,67792662.95,53687339.3,14043553.98,1402.59,1417.22,259811.0,5.4,1991.0,4.16,3,2018,2018-3
AL,14252.0,14758.0,15913321.52,12401732.59,3449271.08,1078.28,1116.57,70656.0,5.0,463.0,3.25,3,2018,2018-3
SE,7280.0,7337.0,8375279.36,6453148.53,1920589.43,1141.51,1150.45,40725.0,5.6,328.0,4.51,3,2018,2018-3
BA,66504.0,67383.0,67301935.64,52522894.79,14013948.09,998.8,1012.0,323610.0,4.9,2367.0,3.56,3,2018,2018-3
MG,105344.0,106139.0,149829968.56,119876969.0,28537383.86,1411.64,1422.29,533778.0,5.1,4638.0,4.4,3,2018,2018-3
ES,19599.0,19666.0,23992070.32,19128159.85,4837377.52,1219.98,1224.15,95532.0,4.9,706.0,3.6,3,2018,2018-3
RJ,58584.0,60976.0,75601732.47,59825521.59,14890845.37,1239.86,1290.48,445792.0,7.6,3975.0,6.79,3,2018,2018-3
SP,211205.0,217390.0,286775733.92,228103379.34,55727823.13,1319.18,1357.81,1164944.0,5.5,9868.0,4.67,3,2018,2018-3
PR,71795.0,73290.0,116630188.99,92526624.36,23968702.78,1591.35,1624.49,310853.0,4.3,2524.0,3.52,3,2018,2018-3
SC,41757.0,41982.0,58770698.1,46883606.37,11806471.21,1399.9,1407.45,191447.0,4.6,1578.0,3.78,3,2018,2018-3
RS,61995.0,62307.0,87419899.25,71063000.34,15833626.04,1403.05,1410.11,368417.0,5.9,2799.0,4.51,3,2018,2018-3
MS,13502.0,13596.0,16620321.36,12921072.08,3664401.8,1222.44,1230.95,63341.0,4.7,484.0,3.58,3,2018,2018-3
MT,16674.0,16814.0,17498946.87,13978315.14,3520631.73,1040.74,1049.48,75386.0,4.5,623.0,3.74,3,2018,2018-3
GO,27890.0,28527.0,35353238.97,28399831.92,6725881.97,1239.29,1267.6,131802.0,4.7,959.0,3.44,3,2018,2018-3
DF,17820.0,17832.0,20340897.78,16162536.74,4178361.04,1140.7,1141.46,109738.0,6.2,564.0,3.16,3,2018,2018-3
RO,10363.0,10363.0,9379197.6,7521986.38,1849955.43,905.07,905.07,47277.0,4.6,317.0,3.06,4,2019,2019-4
AC,3037.0,3037.0,2411628.0,1854865.99,556762.01,794.08,794.08,15630.0,5.1,120.0,3.95,4,2019,2019-4
AM,16052.0,16052.0,15622910.63,12138972.94,3483937.69,973.27,973.27,84585.0,5.3,532.0,3.31,4,2019,2019-4
RR,3172.0,3172.0,2422446.17,1868708.13,553738.04,763.7,763.7,18617.0,5.9,115.0,3.63,4,2019,2019-4
PA,41561.0,41561.0,35926585.7,27436965.27,8368507.13,864.43,864.43,174028.0,4.2,981.0,2.36,4,2019,2019-4
AP,3468.0,3468.0,2746817.21,2065116.61,681700.6,792.05,792.05,17052.0,4.9,116.0,3.34,4,2019,2019-4
TO,6413.0,6413.0,6678115.4,5139071.51,1485377.01,1041.34,1041.34,35548.0,5.5,220.0,3.43,4,2019,2019-4
MA,38263.0,38561.0,29819324.19,23441913.62,6327285.22,773.3,779.33,170598.0,4.5,895.0,2.34,4,2019,2019-4
PI,17815.0,17938.0,17051416.58,13485844.9,3488710.08,950.58,957.14,88823.0,5.0,617.0,3.46,4,2019,2019-4
CE,44173.0,44653.0,49648327.64,39024299.03,10554188.03,1111.87,1123.95,243893.0,5.5,1754.0,3.97,4,2019,2019-4
RN,14886.0,15078.0,21818613.0,16909745.4,4762895.77,1447.05,1465.71,86394.0,5.8,520.0,3.49,4,2019,2019-4
PB,15562.0,15817.0,18816977.53,14852605.13,3964372.4,1189.67,1209.16,86301.0,5.5,717.0,4.61,4,2019,2019-4
PE,48588.0,49005.0,64959283.81,51536226.82,13206669.87,1325.56,1336.94,258864.0,5.3,2027.0,4.17,4,2019,2019-4
AL,13815.0,14326.0,16456273.97,12850903.13,3525803.4,1148.7,1191.19,73428.0,5.3,521.0,3.77,4,2019,2019-4
SE,8329.0,8379.0,10183910.27,7875333.46,2308576.81,1215.41,1222.71,46772.0,5.6,434.0,5.21,4,2019,2019-4
BA,71038.0,71694.0,75655477.91,59720008.04,15227673.73,1055.26,1065.0,332194.0,4.7,2682.0,3.78,4,2019,2019-4
MG,108124.0,108868.0,156661643.64,125939898.47,28884986.36,1439.01,1448.91,545247.0,5.0,4751.0,4.39,4,2019,2019-4
ES,19504.0,19564.0,23960480.93,19058489.01,4901991.92,1224.72,1228.49,90977.0,4.7,697.0,3.57,4,2019,2019-4
RJ,58084.0,60166.0,75848413.31,60565826.79,14424048.98,1260.65,1305.84,422618.0,7.3,3785.0,6.52,4,2019,2019-4
SP,215787.0,221589.0,297787458.42,238337880.42,57401333.63,1343.87,1380.01,1185184.0,5.5,10123.0,4.69,4,2019,2019-4
PR,72330.0,73739.0,120177202.18,96319336.49,23613775.9,1629.76,1661.51,310831.0,4.3,2605.0,3.6,4,2019,2019-4
SC,41215.0,41410.0,61028085.6,48587548.74,12044788.46,1473.75,1480.73,188264.0,4.6,1677.0,4.07,4,2019,2019-4
RS,62291.0,62682.0,95152786.47,77620223.38,16758795.7,1518.02,1527.55,380488.0,6.1,2983.0,4.79,4,2019,2019-4
MS,15213.0,15333.0,18253870.27,14258436.52,3919993.44,1190.5,1199.89,70647.0,4.6,570.0,3.75,4,2019,2019-4
MT,16089.0,16214.0,15819526.84,12644447.36,3173128.41,975.67,983.25,72864.0,4.5,566.0,3.52,4,2019,2019-4
GO,28434.0,29056.0,36200546.84,28653402.96,6866156.32,1245.89,1273.14,135764.0,4.8,948.0,3.33,4,2019,2019-4
DF,19459.0,19535.0,18562231.92,14840331.97,3721899.95,950.2,953.91,111462.0,5.7,533.0,2.74,4,2019,2019-4
RO,10290.0,10290.0,8871408.5,7110636.4,1760772.1,862.14,862.14,47175.0,4.6,286.0,2.78,4,2018,2018-4
AC,4237.0,4252.0,3064163.42,2304187.62,759975.8,720.64,723.19,19446.0,4.6,97.0,2.29,4,2018,2018-4
AM,15446.0,15446.0,14643340.51,11259660.49,3383680.02,948.03,948.03,79680.0,5.2,470.0,3.04,4,2018,2018-4
RR,3461.0,3461.0,2695484.62,1993425.02,702059.6,778.82,778.82,18636.0,5.4,93.0,2.69,4,2018,2018-4
PA,41899.0,41899.0,35053278.8,26641870.71,7984985.36,836.61,836.61,171709.0,4.1,996.0,2.38,4,2018,2018-4
AP,2723.0,2723.0,1781034.49,1273657.42,507377.07,654.07,654.07,14169.0,5.2,96.0,3.53,4,2018,2018-4
TO,5166.0,5166.0,4617378.68,3514293.39,1042926.55,893.8,893.8,27526.0,5.3,168.0,3.25,4,2018,2018-4
MA,40613.0,41053.0,31077432.22,24237172.32,6635210.8,757.01,765.21,187007.0,4.6,979.0,2.41,4,2018,2018-4
PI,18292.0,18435.0,16455257.04,12943463.2,3397863.96,892.61,899.59,89659.0,4.9,562.0,3.07,4,2018,2018-4
CE,43074.0,43494.0,48061986.29,37777156.27,10278269.43,1105.03,1115.8,239420.0,5.6,1709.0,3.97,4,2018,2018-4
RN,15363.0,15576.0,20774806.62,16189665.49,4585141.13,1333.77,1352.26,91424.0,6.0,594.0,3.87,4,2018,2018-4
PB,15569.0,15950.0,18379177.97,14332002.96,4047175.01,1152.3,1180.5,87485.0,5.6,720.0,4.62,4,2018,2018-4
PE,47612.0,48157.0,66491472.88,52778100.77,13667382.7,1380.72,1396.53,260462.0,5.5,2026.0,4.26,4,2018,2018-4
AL,14713.0,15183.0,16901210.99,13168079.3,3687758.31,1113.17,1148.73,74924.0,5.1,544.0,3.7,4,2018,2018-4
SE,7993.0,8054.0,9020646.6,7006429.0,2013583.57,1120.02,1128.57,46971.0,5.9,456.0,5.7,4,2018,2018-4
BA,70190.0,71047.0,70138190.99,54441517.35,14952659.05,987.21,999.26,330516.0,4.7,2411.0,3.43,4,2018,2018-4
MG,105513.0,106274.0,149894503.75,120365675.42,28183114.18,1410.45,1420.63,534974.0,5.1,4746.0,4.5,4,2018,2018-4
ES,21100.0,21186.0,25580754.91,20412528.12,5168226.79,1207.44,1212.36,101791.0,4.8,763.0,3.62,4,2018,2018-4
RJ,60348.0,62695.0,75998173.43,60248295.58,15033410.15,1212.19,1259.33,444325.0,7.4,3792.0,6.28,4,2018,2018-4
SP,210204.0,216480.0,289711791.16,230899547.58,56080104.14,1338.28,1378.24,1171452.0,5.6,9843.0,4.68,4,2018,2018-4
PR,73214.0,74694.0,120061032.48,95696519.64,24277350.69,1607.37,1639.86,321244.0,4.4,2603.0,3.56,4,2018,2018-4
SC,41428.0,41653.0,60288827.83,48253838.14,11855643.09,1447.41,1455.27,193997.0,4.7,1552.0,3.75,4,2018,2018-4
RS,62533.0,62861.0,89396935.52,72644832.24,16262319.39,1422.14,1429.6,374623.0,6.0,2914.0,4.66,4,2018,2018-4
MS,13927.0,14031.0,16682027.02,13082773.56,3577717.79,1188.94,1197.82,64229.0,4.6,578.0,4.15,4,2018,2018-4
MT,16113.0,16263.0,16279852.74,12978282.06,3301570.68,1001.04,1010.36,73605.0,4.6,650.0,4.03,4,2018,2018-4
GO,27058.0,27636.0,33126994.54,26440534.54,6362177.04,1198.69,1224.3,125777.0,4.6,887.0,3.28,4,2018,2018-4
DF,18192.0,18224.0,20522181.19,16421325.19,4100856.0,1126.11,1128.09,113415.0,6.2,576.0,3.17,4,2018,2018-4
RO,10537.0,10537.0,8501601.67,6815434.95,1686166.72,806.83,806.83,45849.0,4.4,283.0,2.69,5,2018,2018-5
AC,3309.0,3339.0,2276236.69,1708290.67,567946.02,681.71,687.89,15859.0,4.8,95.0,2.87,5,2018,2018-5
AM,15705.0,15705.0,14632208.09,11325104.6,3307103.49,931.69,931.69,84432.0,5.4,533.0,3.39,5,2018,2018-5
RR,3504.0,3504.0,2613895.43,1945396.24,668499.19,745.97,745.97,18456.0,5.3,103.0,2.94,5,2018,2018-5
PA,41519.0,41519.0,33973133.85,26116122.59,7661541.31,818.26,818.26,172356.0,4.2,1083.0,2.61,5,2018,2018-5
AP,2504.0,2504.0,1821567.42,1369905.72,451661.7,727.46,727.46,14947.0,6.0,105.0,4.19,5,2018,2018-5
TO,5851.0,5851.0,4662238.24,3537621.96,1057969.97,796.83,796.83,29476.0,5.0,167.0,2.85,5,2018,2018-5
MA,40561.0,40989.0,29485732.67,22957704.1,6366936.08,719.36,726.95,183303.0,4.5,980.0,2.42,5,2018,2018-5
PI,18548.0,18692.0,16646954.86,13067874.46,3438349.39,890.59,897.51,89282.0,4.8,578.0,3.12,5,2018,2018-5
CE,43237.0,43673.0,48954862.1,38253754.42,10701107.68,1120.94,1132.24,241505.0,5.6,1681.0,3.89,5,2018,2018-5
RN,15751.0,15962.0,20789038.18,16160325.43,4628712.75,1302.41,1319.86,88055.0,5.6,565.0,3.59,5,2018,2018-5
PB,16364.0,16776.0,18568272.05,14462539.03,4105733.02,1106.84,1134.7,91282.0,5.6,701.0,4.28,5,2018,2018-5
PE,49833.0,50351.0,71014021.26,56456841.02,14534541.05,1410.38,1425.04,274402.0,5.5,2138.0,4.29,5,2018,2018-5
AL,15118.0,15557.0,17026428.59,13275630.42,3699671.06,1094.45,1126.24,73492.0,4.9,568.0,3.76,5,2018,2018-5
SE,8389.0,8437.0,9710691.4,7467337.65,2224731.03,1150.96,1157.55,48441.0,5.8,435.0,5.19,5,2018,2018-5
BA,70984.0,71832.0,72015638.15,55618678.41,15271450.77,1002.56,1014.53,338210.0,4.8,2448.0,3.45,5,2018,2018-5
MG,105513.0,106289.0,151546897.83,121822736.57,28320161.39,1425.8,1436.29,541701.0,5.1,4751.0,4.5,5,2018,2018-5
ES,21471.0,21562.0,27047091.49,21595055.63,5452035.86,1254.39,1259.7,107610.0,5.0,792.0,3.69,5,2018,2018-5
RJ,61332.0,63696.0,78033245.14,62282837.7,15285222.39,1225.09,1272.31,453975.0,7.4,4249.0,6.93,5,2018,2018-5
SP,212696.0,218845.0,293104281.74,233634140.1,56677950.23,1339.32,1378.04,1186537.0,5.6,10349.0,4.87,5,2018,2018-5
PR,73085.0,74550.0,121360733.68,97011430.6,24285760.81,1627.91,1660.54,325474.0,4.5,2633.0,3.6,5,2018,2018-5
SC,41710.0,41931.0,60659252.2,48036961.08,12160328.46,1446.64,1454.31,199623.0,4.8,1628.0,3.9,5,2018,2018-5
RS,62498.0,62872.0,88148251.61,71724449.56,15860410.61,1402.03,1410.42,378660.0,6.1,3014.0,4.82,5,2018,2018-5
MS,14360.0,14477.0,17555832.83,13772112.64,3763205.26,1212.67,1222.55,69105.0,4.8,581.0,4.05,5,2018,2018-5
MT,16591.0,16726.0,16103988.77,12829170.0,3274818.77,962.81,970.65,75201.0,4.5,535.0,3.22,5,2018,2018-5
GO,28492.0,29040.0,33321916.56,26654073.71,6408283.86,1147.45,1169.52,130613.0,4.6,890.0,3.12,5,2018,2018-5
DF,18943.0,18967.0,20343407.23,16251154.59,4092252.64,1072.57,1073.93,114229.0,6.0,623.0,3.29,5,2018,2018-5
RO,9965.0,9965.0,8525499.78,6842770.02,1682729.76,855.54,855.54,43583.0,4.4,365.0,3.66,7,2018,2018-7
AC,3941.0,3958.0,3126429.88,2399764.51,726665.37,789.9,793.31,20078.0,5.1,128.0,3.25,7,2018,2018-7
AM,15802.0,15802.0,14840533.42,11480781.27,3359752.15,939.16,939.16,82831.0,5.2,486.0,3.08,7,2018,2018-7
RR,3661.0,3661.0,2860584.22,2125258.18,735326.04,781.37,781.37,19370.0,5.3,123.0,3.36,7,2018,2018-7
PA,40598.0,40598.0,33420004.25,25542419.3,7593628.73,823.19,823.19,171880.0,4.2,919.0,2.26,7,2018,2018-7
AP,2897.0,2897.0,1910968.09,1384183.46,526784.63,659.64,659.64,15651.0,5.4,84.0,2.9,7,2018,2018-7
TO,5783.0,5783.0,5328909.25,4029076.28,1233476.77,921.48,921.48,29276.0,5.1,195.0,3.37,7,2018,2018-7
MA,39301.0,39687.0,29441181.87,22943966.9,6483756.57,741.83,749.12,175070.0,4.5,885.0,2.25,7,2018,2018-7
PI,18206.0,18346.0,16393717.19,12827800.28,3376719.48,893.59,900.46,91358.0,5.0,584.0,3.21,7,2018,2018-7
CE,42936.0,43346.0,49250389.91,38560662.43,10689727.48,1136.22,1147.07,239946.0,5.6,1541.0,3.59,7,2018,2018-7
RN,15444.0,15660.0,21652391.73,16990975.31,4661416.42,1382.66,1401.99,93792.0,6.1,600.0,3.89,7,2018,2018-7
PB,16113.0,16476.0,19279685.95,15190335.36,4089350.59,1170.17,1196.53,92368.0,5.7,825.0,5.12,7,2018,2018-7
PE,47708.0,48180.0,70741826.35,56229957.28,14496141.53,1468.28,1482.81,269650.0,5.7,2170.0,4.55,7,2018,2018-7
AL,14975.0,15442.0,17908975.59,13826203.98,3909387.8,1159.76,1195.92,76095.0,5.1,516.0,3.45,7,2018,2018-7
SE,8572.0,8619.0,9766114.15,7558788.88,2182178.72,1133.09,1139.3,49376.0,5.8,491.0,5.73,7,2018,2018-7
BA,70628.0,71454.0,73397901.35,57058386.81,15227151.8,1027.2,1039.22,333803.0,4.7,2501.0,3.54,7,2018,2018-7
MG,106719.0,107468.0,156680218.93,126069509.07,29069448.39,1457.92,1468.16,553916.0,5.2,4977.0,4.66,7,2018,2018-7
ES,20408.0,20441.0,25130378.43,19969036.88,5112976.9,1229.41,1231.4,99067.0,4.9,827.0,4.05,7,2018,2018-7
RJ,62421.0,64770.0,83733892.75,67040904.62,15983906.35,1292.79,1341.44,481919.0,7.7,4530.0,7.26,7,2018,2018-7
SP,207804.0,213834.0,291524922.05,232636364.82,55656075.05,1363.32,1402.88,1192725.0,5.7,11286.0,5.43,7,2018,2018-7
PR,74451.0,75967.0,124610255.04,99813242.45,24672848.19,1640.32,1673.72,336596.0,4.5,3105.0,4.17,7,2018,2018-7
SC,42849.0,43080.0,61278050.72,48636799.86,11883034.46,1422.42,1430.09,200894.0,4.7,1872.0,4.37,7,2018,2018-7
RS,64053.0,64422.0,89093690.14,72733515.29,15805779.71,1382.97,1390.94,395062.0,6.2,3731.0,5.82,7,2018,2018-7
MS,14634.0,14751.0,17090876.79,13284017.99,3776843.6,1158.62,1167.89,68662.0,4.7,574.0,3.92,7,2018,2018-7
MT,16499.0,16621.0,17163673.03,13729724.73,3433948.3,1032.65,1040.29,76040.0,4.6,649.0,3.93,7,2018,2018-7
GO,27002.0,27573.0,35009953.87,28049880.77,6669036.2,1269.72,1296.57,130266.0,4.8,964.0,3.57,7,2018,2018-7
DF,20646.0,20651.0,22301468.16,17741660.93,4559807.23,1079.92,1080.18,128478.0,6.2,667.0,3.23,7,2018,2018-7
RO,10379.0,10379.0,9177611.46,7374083.64,1803527.82,884.25,884.25,49862.0,4.8,270.0,2.6,8,2018,2018-8
AC,3982.0,4000.0,2998865.51,2285946.25,712919.26,749.72,753.11,20032.0,5.0,117.0,2.94,8,2018,2018-8
AM,15657.0,15657.0,14427620.91,11098432.45,3329188.46,921.48,921.48,81814.0,5.2,486.0,3.1,8,2018,2018-8
RR,3739.0,3739.0,2740088.01,2005694.89,734393.12,732.84,732.84,18281.0,4.9,104.0,2.78,8,2018,2018-8
PA,41606.0,41606.0,35456488.44,26931183.47,8139349.2,852.2,852.2,174262.0,4.2,1024.0,2.46,8,2018,2018-8
AP,3506.0,3506.0,2453555.4,1789325.95,664229.45,699.82,699.82,19489.0,5.6,86.0,2.45,8,2018,2018-8
TO,5917.0,5917.0,5473666.63,4215629.35,1234114.07,925.07,925.07,33763.0,5.7,213.0,3.6,8,2018,2018-8
MA,39636.0,39987.0,30255833.42,23538133.34,6714709.62,756.64,763.34,172674.0,4.4,880.0,2.22,8,2018,2018-8
PI,18546.0,18686.0,17055960.69,13419961.73,3519890.37,912.77,919.66,92535.0,5.0,463.0,2.5,8,2018,2018-8
CE,43485.0,43904.0,50528833.27,39569973.44,10958859.83,1150.89,1161.98,246006.0,5.7,1661.0,3.82,8,2018,2018-8
RN,14917.0,15126.0,21629797.35,17026874.84,4602922.51,1429.97,1450.01,87446.0,5.9,577.0,3.87,8,2018,2018-8
PB,16558.0,16922.0,19011606.67,14921612.66,4089994.01,1123.48,1148.18,92214.0,5.6,785.0,4.74,8,2018,2018-8
PE,48823.0,49297.0,70554341.99,55976702.98,14218979.94,1431.21,1445.1,266496.0,5.5,2010.0,4.12,8,2018,2018-8
AL,14484.0,14872.0,16793811.48,13223758.86,3559490.02,1129.22,1159.47,72118.0,5.0,533.0,3.68,8,2018,2018-8
SE,8557.0,8596.0,10198444.73,7999650.86,2196398.84,1186.42,1191.82,48829.0,5.7,409.0,4.78,8,2018,2018-8
BA,71433.0,72219.0,74499306.91,57875881.96,15670994.81,1031.57,1042.93,339979.0,4.8,2676.0,3.75,8,2018,2018-8
MG,105993.0,106723.0,154281495.01,124395848.96,28730687.83,1445.63,1455.58,547279.0,5.2,5004.0,4.72,8,2018,2018-8
ES,20517.0,20559.0,26009340.5,20813600.14,5153690.3,1265.11,1267.7,101714.0,5.0,752.0,3.67,8,2018,2018-8
RJ,61022.0,63277.0,80453782.86,64855550.27,15476354.02,1271.45,1318.44,452446.0,7.4,4161.0,6.82,8,2018,2018-8
SP,212547.0,218516.0,298702204.56,238110129.92,57463766.83,1366.96,1405.35,1183251.0,5.6,10807.0,5.08,8,2018,2018-8
PR,74103.0,75583.0,127874482.35,102645780.64,25137975.28,1691.84,1725.63,334521.0,4.5,2929.0,3.95,8,2018,2018-8
SC,43170.0,43409.0,62730906.87,50106970.26,12094723.21,1445.11,1453.11,205463.0,4.8,2048.0,4.74,8,2018,2018-8
RS,64525.0,64891.0,94010888.97,77204872.0,16690519.63,1448.75,1456.97,404357.0,6.3,3845.0,5.96,8,2018,2018-8
MS,13642.0,13760.0,16468255.95,12954680.8,3499454.88,1196.82,1207.17,65443.0,4.8,560.0,4.1,8,2018,2018-8
MT,15367.0,15482.0,15569285.17,12434957.69,3134327.48,1005.64,1013.16,69747.0,4.5,567.0,3.69,8,2018,2018-8
GO,27281.0,27883.0,33899286.36,27205643.6,6504256.03,1215.77,1242.6,131985.0,4.8,919.0,3.37,8,2018,2018-8
DF,20828.0,20867.0,23318726.05,18686277.99,4632448.06,1117.49,1119.59,135619.0,6.5,664.0,3.19,8,2018,2018-8
RO,9494.0,9494.0,7368996.38,5862998.36,1505998.02,776.17,776.17,43865.0,4.6,252.0,2.65,9,2018,2018-9
AC,3698.0,3709.0,2619709.86,2011795.97,607913.89,706.31,708.41,17772.0,4.8,140.0,3.79,9,2018,2018-9
AM,15803.0,15803.0,15818964.25,12236764.5,3582199.75,1001.01,1001.01,84490.0,5.3,462.0,2.92,9,2018,2018-9
RR,3471.0,3471.0,2689103.41,1975724.29,713379.12,774.73,774.73,16463.0,4.7,126.0,3.63,9,2018,2018-9
PA,42407.0,42407.0,34854176.47,26003310.52,8153702.83,821.9,821.9,173131.0,4.1,984.0,2.32,9,2018,2018-9
AP,3693.0,3693.0,2652283.29,1915669.66,736613.63,718.19,718.19,19848.0,5.4,77.0,2.09,9,2018,2018-9
TO,5388.0,5388.0,5152490.73,3900986.12,1200483.57,956.29,956.29,29495.0,5.5,170.0,3.16,9,2018,2018-9
MA,38514.0,38859.0,29645428.53,23123263.45,6500858.98,762.9,769.73,169744.0,4.4,798.0,2.07,9,2018,2018-9
PI,17961.0,18092.0,16152452.68,12669431.47,3357891.27,892.8,899.31,86843.0,4.8,495.0,2.76,9,2018,2018-9
CE,40642.0,41142.0,46519835.66,36377007.49,10133873.97,1130.71,1144.62,225090.0,5.5,1578.0,3.88,9,2018,2018-9
RN,14562.0,14764.0,20189873.01,15662346.12,4450409.12,1367.51,1386.48,82405.0,5.7,519.0,3.56,9,2018,2018-9
PB,15125.0,15476.0,18070790.31,14182367.3,3888423.01,1167.67,1194.76,85223.0,5.6,696.0,4.6,9,2018,2018-9
PE,46265.0,46717.0,66806054.81,53018333.98,13745980.98,1430.02,1443.99,259718.0,5.6,2004.0,4.33,9,2018,2018-9
AL,14857.0,15262.0,18119580.37,14299812.2,3792135.28,1187.23,1219.6,72051.0,4.8,557.0,3.75,9,2018,2018-9
SE,8014.0,8014.0,9121714.7,7012940.96,2108773.74,1138.22,1138.22,43673.0,5.4,357.0,4.45,9,2018,2018-9
BA,69091.0,69886.0,71517282.6,55456508.25,14695615.54,1023.34,1035.12,324927.0,4.7,2550.0,3.69,9,2018,2018-9
MG,104207.0,104937.0,153867888.29,123611916.02,28672407.12,1466.29,1476.56,536576.0,5.1,4905.0,4.71,9,2018,2018-9
ES,19575.0,19636.0,24685731.9,19621073.68,4876112.83,1257.17,1261.08,94676.0,4.8,733.0,3.74,9,2018,2018-9
RJ,58775.0,61038.0,77382979.88,62296601.12,14858409.52,1267.78,1316.6,443295.0,7.5,4042.0,6.88,9,2018,2018-9
SP,203113.0,208957.0,282739086.76,225358518.49,54383584.18,1353.1,1392.03,1131315.0,5.6,10327.0,5.08,9,2018,2018-9
PR,73357.0,74894.0,123933024.51,98813686.01,24530618.91,1654.78,1689.45,328474.0,4.5,2828.0,3.86,9,2018,2018-9
SC,41185.0,41411.0,61636890.45,49333492.13,11961716.8,1488.42,1496.59,194319.0,4.7,1859.0,4.51,9,2018,2018-9
RS,63580.0,63934.0,93664724.68,76780849.74,16568332.75,1465.02,1473.18,400650.0,6.3,3654.0,5.75,9,2018,2018-9
MS,14179.0,14277.0,17395858.5,13616025.64,3739552.21,1218.45,1226.87,66883.0,4.7,561.0,3.96,9,2018,2018-9
MT,16147.0,16272.0,15630276.46,12401330.1,3228946.36,960.56,968.0,72514.0,4.5,616.0,3.81,9,2018,2018-9
GO,27826.0,28420.0,33936535.21,27069116.48,6465307.9,1194.11,1219.6,133081.0,4.8,944.0,3.39,9,2018,2018-9
DF,18002.0,18029.0,20307075.79,16269533.18,4037542.61,1126.36,1128.05,103233.0,5.7,486.0,2.7,9,2018,2018-9
RO,9498.0,9498.0,8328186.64,6687975.13,1628627.79,876.84,876.84,46239.0,4.9,273.0,2.87,11,2018,2018-11
AC,3766.0,3778.0,3342614.24,2616741.01,725873.23,884.76,887.58,20423.0,5.4,185.0,4.91,11,2018,2018-11
AM,15196.0,15196.0,15391163.74,11897288.72,3493875.02,1012.84,1012.84,80197.0,5.3,467.0,3.07,11,2018,2018-11
RR,3696.0,3696.0,2771881.2,2061386.58,710494.62,749.97,749.97,23120.0,6.3,110.0,2.98,11,2018,2018-11
PA,41006.0,41006.0,34247174.59,25618161.67,7872849.14,835.17,835.17,168173.0,4.1,889.0,2.17,11,2018,2018-11
AP,3438.0,3438.0,2139141.93,1534159.23,604982.7,622.21,622.21,16494.0,4.8,91.0,2.65,11,2018,2018-11
TO,5249.0,5249.0,4873715.59,3746645.75,1035743.22,928.5,928.5,27394.0,5.2,168.0,3.2,11,2018,2018-11
MA,38106.0,38361.0,28459922.18,22193686.52,6218743.82,741.9,746.86,168430.0,4.4,813.0,2.13,11,2018,2018-11
PI,17380.0,17506.0,15869156.06,12401869.19,3354993.58,906.5,913.07,85129.0,4.9,513.0,2.95,11,2018,2018-11
CE,40878.0,41315.0,47850022.24,37621339.7,10156182.86,1158.18,1170.56,224373.0,5.5,1555.0,3.8,11,2018,2018-11
RN,14480.0,14701.0,20581258.13,15927311.7,4474361.88,1399.99,1421.36,82973.0,5.7,513.0,3.54,11,2018,2018-11
PB,14880.0,15149.0,18350397.62,14384794.05,3965603.57,1211.33,1233.23,84542.0,5.7,720.0,4.84,11,2018,2018-11
PE,45745.0,46197.0,64370667.53,50944376.94,13283495.53,1393.39,1407.16,247070.0,5.4,1838.0,4.02,11,2018,2018-11
AL,14205.0,14571.0,16925355.78,13157521.99,3586454.62,1161.58,1191.51,68585.0,4.8,497.0,3.5,11,2018,2018-11
SE,7518.0,7553.0,9139082.28,7051905.84,2082286.32,1209.99,1215.63,44335.0,5.9,347.0,4.62,11,2018,2018-11
BA,68937.0,69738.0,73860099.48,57081853.51,15226372.88,1059.11,1071.41,325311.0,4.7,2390.0,3.47,11,2018,2018-11
MG,100308.0,101051.0,144867656.44,116094096.53,26801329.22,1433.61,1444.23,514046.0,5.1,4390.0,4.38,11,2018,2018-11
ES,19328.0,19394.0,24170075.47,18930543.59,4990372.56,1246.27,1250.52,88870.0,4.6,685.0,3.54,11,2018,2018-11
RJ,57284.0,59394.0,75075912.42,59519497.81,14461342.51,1264.03,1310.59,428662.0,7.5,3709.0,6.47,11,2018,2018-11
SP,201634.0,207524.0,283947815.42,225309335.72,53715213.48,1368.26,1408.23,1120475.0,5.6,9929.0,4.92,11,2018,2018-11
PR,74335.0,75725.0,125317336.68,99838987.16,24573496.87,1654.9,1685.85,324449.0,4.4,2802.0,3.77,11,2018,2018-11
SC,39606.0,39827.0,59766664.18,47475219.5,11674218.3,1500.66,1509.03,184704.0,4.7,1615.0,4.08,11,2018,2018-11
RS,61241.0,61525.0,93081292.31,75764166.17,16423371.97,1512.9,1519.92,379386.0,6.2,3163.0,5.16,11,2018,2018-11
MS,13695.0,13799.0,16390075.24,12810991.0,3529023.63,1187.77,1196.79,62401.0,4.6,526.0,3.84,11,2018,2018-11
MT,15167.0,15299.0,14813113.79,11802801.28,3010312.51,968.24,976.67,69562.0,4.6,495.0,3.26,11,2018,2018-11
GO,26386.0,26988.0,33692593.47,26738355.0,6198500.53,1248.43,1276.91,127031.0,4.8,881.0,3.34,11,2018,2018-11
DF,15461.0,15489.0,16518323.98,13248956.17,3269367.81,1066.46,1068.39,93070.0,6.0,514.0,3.32,11,2018,2018-11
RO,9444.0,9444.0,8408512.77,6675324.02,1720477.75,890.36,890.36,44186.0,4.7,283.0,3.0,12,2018,2018-12
AC,2580.0,2591.0,2123426.26,1622439.14,500987.12,819.54,823.03,12900.0,5.0,111.0,4.3,12,2018,2018-12
AM,15117.0,15117.0,14154362.85,10869415.57,3284947.28,936.32,936.32,77161.0,5.1,496.0,3.28,12,2018,2018-12
RR,3591.0,3591.0,2938769.32,2138798.58,799970.74,818.37,818.37,19346.0,5.4,102.0,2.84,12,2018,2018-12
PA,39340.0,39340.0,34121227.13,25674288.04,8072612.58,867.34,867.34,160348.0,4.1,961.0,2.44,12,2018,2018-12
AP,3591.0,3591.0,2654304.54,1918191.21,736113.33,739.15,739.15,17692.0,4.9,82.0,2.28,12,2018,2018-12
TO,5209.0,5209.0,5321091.08,4037895.39,1202404.88,1021.52,1021.52,27705.0,5.3,130.0,2.5,12,2018,2018-12
MA,37420.0,37684.0,29596267.98,23160824.93,6369130.02,785.38,790.92,175421.0,4.7,857.0,2.29,12,2018,2018-12
PI,18112.0,18234.0,17037945.49,13252721.0,3556437.62,934.41,940.7,87254.0,4.8,464.0,2.56,12,2018,2018-12
CE,39262.0,39706.0,45274965.36,35376121.06,9817633.86,1140.26,1153.15,217626.0,5.5,1484.0,3.78,12,2018,2018-12
RN,12567.0,12788.0,17226885.11,13193363.79,3802942.44,1347.11,1370.8,69879.0,5.6,465.0,3.7,12,2018,2018-12
PB,14230.0,14436.0,17413559.67,13672108.39,3741451.28,1206.26,1223.72,79608.0,5.6,599.0,4.21,12,2018,2018-12
PE,43396.0,43839.0,63319631.46,50247835.15,12780131.37,1444.37,1459.11,241999.0,5.6,1858.0,4.28,12,2018,2018-12
AL,13443.0,13831.0,15765092.87,12206420.22,3449202.62,1139.84,1172.74,65346.0,4.9,536.0,3.99,12,2018,2018-12
SE,7109.0,7161.0,8405178.91,6479307.97,1915228.67,1173.74,1182.33,40940.0,5.8,378.0,5.32,12,2018,2018-12
BA,63026.0,63835.0,67049128.56,52138967.64,13766670.92,1050.35,1063.83,296816.0,4.7,2259.0,3.58,12,2018,2018-12
MG,100584.0,101335.0,146712182.66,117193121.32,27166105.23,1447.79,1458.6,508841.0,5.1,4543.0,4.52,12,2018,2018-12
ES,18887.0,18969.0,24502056.39,19394723.9,4927374.81,1291.69,1297.3,93784.0,5.0,614.0,3.25,12,2018,2018-12
RJ,52664.0,54733.0,71286431.83,56919443.64,13533014.46,1302.44,1353.61,387438.0,7.4,3646.0,6.92,12,2018,2018-12
SP,197493.0,203507.0,283179040.8,224958139.19,53558359.21,1391.5,1433.87,1117191.0,5.7,10105.0,5.12,12,2018,2018-12
PR,69396.0,70796.0,117528767.93,94168586.18,22801687.79,1660.1,1693.6,310115.0,4.5,2608.0,3.76,12,2018,2018-12
SC,38206.0,38419.0,55708713.29,44133856.93,10974912.92,1450.03,1458.11,175483.0,4.6,1552.0,4.06,12,2018,2018-12
RS,59573.0,59893.0,89050712.34,72145854.68,15804869.87,1486.83,1494.82,365798.0,6.1,2921.0,4.9,12,2018,2018-12
MS,13117.0,13220.0,15350893.92,12004230.81,3312045.63,1161.19,1170.31,62002.0,4.7,461.0,3.51,12,2018,2018-12
MT,14796.0,14917.0,13834209.28,10979853.86,2854355.42,927.41,935.0,67471.0,4.6,476.0,3.22,12,2018,2018-12
GO,26818.0,27418.0,36337550.71,28813661.58,6676081.84,1325.32,1354.97,131314.0,4.9,925.0,3.45,12,2018,2018-12
DF,13892.0,13924.0,13970506.6,11227918.9,2742587.7,1003.34,1005.65,81944.0,5.9,365.0,2.63,12,2018,2018-12
RO,9705.0,9705.0,9350758.04,7495928.81,1854829.23,963.5,963.5,50638.0,5.2,298.0,3.07,1,2019,2019-1
AC,3284.0,3284.0,2664654.52,2052806.78,611847.74,811.41,811.41,15896.0,4.8,135.0,4.11,1,2019,2019-1
AM,17444.0,17444.0,16791397.31,12979175.31,3812222.0,962.59,962.59,88946.0,5.1,570.0,3.27,1,2019,2019-1
RR,3274.0,3274.0,2527888.58,1872302.99,655585.59,772.11,772.11,22204.0,6.8,114.0,3.48,1,2019,2019-1
PA,38091.0,38091.0,33786165.84,26044222.67,7740738.82,886.99,886.99,162430.0,4.3,972.0,2.55,1,2019,2019-1
AP,3640.0,3640.0,2549805.6,1869383.15,680422.45,700.5,700.5,20383.0,5.6,116.0,3.19,1,2019,2019-1
TO,5698.0,5698.0,5791079.68,4531537.68,1234266.13,1016.34,1016.34,32283.0,5.7,246.0,4.32,1,2019,2019-1
MA,38717.0,39018.0,30597378.49,24019576.37,6577802.12,784.19,790.28,178890.0,4.6,1022.0,2.64,1,2019,2019-1
PI,17601.0,17724.0,15882517.83,12538232.72,3276791.86,896.1,902.36,84633.0,4.8,509.0,2.89,1,2019,2019-1
CE,44176.0,44578.0,49451399.5,38809140.43,10498014.88,1109.32,1119.42,242101.0,5.5,1672.0,3.78,1,2019,2019-1
RN,14764.0,14981.0,22502654.14,17793107.85,4633417.28,1502.08,1524.16,98414.0,6.7,674.0,4.57,1,2019,2019-1
PB,14803.0,15138.0,18697045.2,14810416.88,3886628.32,1235.11,1263.06,87187.0,5.9,756.0,5.11,1,2019,2019-1
PE,45812.0,46267.0,66736128.32,53237847.96,13407209.04,1442.41,1456.74,259221.0,5.7,2005.0,4.38,1,2019,2019-1
AL,13509.0,13936.0,15858616.49,12478159.06,3380457.43,1137.96,1173.93,69028.0,5.1,538.0,3.98,1,2019,2019-1
SE,7888.0,7931.0,9870763.46,7737130.4,2133633.06,1244.58,1251.36,47298.0,6.0,448.0,5.68,1,2019,2019-1
BA,66460.0,67292.0,69927687.75,55419474.34,14310434.68,1039.17,1052.18,321233.0,4.8,2512.0,3.78,1,2019,2019-1
MG,102950.0,103700.0,154062823.73,125094419.27,28355174.72,1485.66,1496.48,539634.0,5.2,4872.0,4.73,1,2019,2019-1
ES,19382.0,19460.0,25005409.89,20142156.49,4856844.65,1284.96,1290.14,99934.0,5.2,780.0,4.02,1,2019,2019-1
RJ,60470.0,62412.0,80140801.94,64303782.2,15247199.92,1284.06,1325.3,457925.0,7.6,4257.0,7.04,1,2019,2019-1
SP,205741.0,211529.0,298180056.65,240570186.12,56620438.94,1409.64,1449.3,1185006.0,5.8,11049.0,5.37,1,2019,2019-1
PR,72424.0,73808.0,122460918.04,98320918.72,24117340.3,1659.18,1690.89,320396.0,4.4,2922.0,4.03,1,2019,2019-1
SC,40755.0,40966.0,58896965.31,47020813.39,11650850.2,1437.7,1445.15,188448.0,4.6,1772.0,4.35,1,2019,2019-1
RS,59533.0,59864.0,89664703.23,73559059.0,15859110.27,1497.81,1506.13,367943.0,6.2,3232.0,5.43,1,2019,2019-1
MS,14192.0,14284.0,17108719.02,13322319.43,3765377.1,1197.75,1205.52,66114.0,4.7,506.0,3.57,1,2019,2019-1
MT,14777.0,14880.0,14204211.14,11364258.7,2839952.44,954.58,961.24,66823.0,4.5,560.0,3.79,1,2019,2019-1
GO,27005.0,27573.0,35129278.02,28313813.86,6579437.51,1274.05,1300.84,132721.0,4.9,1040.0,3.85,1,2019,2019-1
DF,18401.0,18416.0,20192152.35,16269117.68,3923034.67,1096.45,1097.34,118444.0,6.4,572.0,3.11,1,2019,2019-1
RO,9621.0,9621.0,8142533.09,6569809.43,1572723.66,846.33,846.33,44110.0,4.6,270.0,2.81,2,2019,2019-2
AC,2899.0,2902.0,1906429.95,1444112.92,462317.03,656.94,657.62,14069.0,4.9,107.0,3.69,2,2019,2019-2
AM,15345.0,15345.0,14369987.43,11153227.38,3216760.05,936.46,936.46,80411.0,5.2,494.0,3.22,2,2019,2019-2
RR,3086.0,3086.0,2587642.41,1939460.5,648181.91,838.51,838.51,20437.0,6.6,122.0,3.95,2,2019,2019-2
PA,39237.0,39237.0,32820227.66,25116157.36,7693408.31,836.46,836.46,160326.0,4.1,934.0,2.38,2,2019,2019-2
AP,3463.0,3463.0,2294126.19,1660113.63,634012.56,662.47,662.47,16190.0,4.7,72.0,2.08,2,2019,2019-2
TO,6106.0,6106.0,5879935.74,4625170.67,1222464.52,962.98,962.98,36939.0,6.0,264.0,4.32,2,2019,2019-2
MA,35905.0,36177.0,27339915.32,21409903.26,5930012.06,755.73,761.45,162328.0,4.5,835.0,2.33,2,2019,2019-2
PI,16879.0,17004.0,15433452.88,12204856.48,3161842.0,907.64,914.36,81342.0,4.8,522.0,3.09,2,2019,2019-2
CE,41793.0,42218.0,47544567.67,37597253.76,9920681.3,1126.17,1137.62,232166.0,5.6,1495.0,3.58,2,2019,2019-2
RN,14120.0,14322.0,20181200.29,15622371.88,4457151.31,1409.1,1429.26,86429.0,6.1,523.0,3.7,2,2019,2019-2
PB,13971.0,14310.0,18274514.86,14478743.64,3795771.22,1277.05,1308.03,79419.0,5.7,671.0,4.8,2,2019,2019-2
PE,43829.0,44299.0,62989367.8,49892304.37,12918363.5,1421.91,1437.16,238132.0,5.4,1844.0,4.21,2,2019,2019-2
AL,13327.0,13811.0,17064476.64,13351322.04,3685225.0,1235.57,1280.44,71229.0,5.3,523.0,3.92,2,2019,2019-2
SE,7229.0,7274.0,9577713.59,7582902.28,1994811.31,1316.71,1324.9,44704.0,6.2,445.0,6.16,2,2019,2019-2
BA,63223.0,64009.0,63037581.63,49345928.42,13577311.16,984.82,997.07,282550.0,4.5,2141.0,3.39,2,2019,2019-2
MG,101050.0,101797.0,147934381.21,118850354.79,27668219.04,1453.23,1463.97,516766.0,5.1,4467.0,4.42,2,2019,2019-2
ES,19010.0,19073.0,24433360.41,19545576.44,4887783.97,1281.04,1285.29,90167.0,4.7,666.0,3.5,2,2019,2019-2
RJ,56642.0,58662.0,73535570.78,58653592.38,14305856.58,1253.55,1298.25,410270.0,7.2,3643.0,6.43,2,2019,2019-2
SP,197813.0,203598.0,279426911.62,223710644.69,53917299.47,1372.44,1412.58,1087757.0,5.5,9701.0,4.9,2,2019,2019-2
PR,70915.0,72305.0,119836506.38,96093220.08,23679119.52,1657.38,1689.86,306517.0,4.3,2636.0,3.72,2,2019,2019-2
SC,38940.0,39164.0,57420491.79,45814160.97,11477929.01,1466.15,1474.59,180457.0,4.6,1528.0,3.92,2,2019,2019-2
RS,59283.0,59635.0,89259306.5,73197372.45,15766679.46,1496.76,1505.65,358810.0,6.1,3015.0,5.09,2,2019,2019-2
MS,14263.0,14362.0,17713810.57,13851592.52,3808760.23,1233.38,1241.94,66906.0,4.7,542.0,3.8,2,2019,2019-2
MT,14710.0,14786.0,15262067.84,12257906.25,3002675.52,1032.2,1037.53,69397.0,4.7,617.0,4.19,2,2019,2019-2
GO,26070.0,26646.0,33599752.12,26623057.01,6267858.48,1260.97,1288.83,125461.0,4.8,920.0,3.53,2,2019,2019-2
DF,18473.0,18502.0,18496333.16,14775080.57,3721252.59,999.69,1001.26,104719.0,5.7,499.0,2.7,2,2019,2019-2
